<?xml version="1.0" encoding="UTF-8"?>
<Global>
	<!--所有字体-->
	<Font id="system_12" name="system" size="12" default="true"/>
	<Font id="system_14" name="system" size="14"/>
	<Font id="system_16" name="system" size="16"/>
	<Font id="system_18" name="system" size="18"/>
	<Font id="system_20" name="system" size="20"/>
	<Font id="system_22" name="system" size="22"/>
	<Font id="system_bold_12" name="system" size="12" bold="true"/>
	<Font id="system_bold_14" name="system" size="14" bold="true"/>
	<Font id="system_bold_16" name="system" size="16" bold="true"/>
	<Font id="system_bold_18" name="system" size="18" bold="true"/>
	<Font id="system_bold_20" name="system" size="20" bold="true"/>
	<Font id="system_bold_22" name="system" size="22" bold="true"/>
	<Font id="arial_12" name="arial" size="12"/>
	<Font id="arial_14" name="arial" size="14"/>
	<Font id="arial_16" name="arial" size="16"/>
	<Font id="arial_18" name="arial" size="18"/>
	<Font id="arial_20" name="arial" size="20"/>
	<Font id="arial_22" name="arial" size="22"/>
	<Font id="arial_bold_12" name="arial" size="12" bold="true"/>
	<Font id="arial_bold_14" name="arial" size="14" bold="true"/>
	<Font id="arial_bold_16" name="arial" size="16" bold="true"/>
	<Font id="arial_bold_18" name="arial" size="18" bold="true"/>
	<Font id="arial_bold_20" name="arial" size="20" bold="true"/>
	<Font id="arial_bold_22" name="arial" size="22" bold="true"/>
	<Font id="system_underline_12" name="system" size="12" underline="true"/>
	<Font id="system_underline_14" name="system" size="14" underline="true"/>
	<Font id="system_underline_16" name="system" size="16" underline="true"/>
	<Font id="system_underline_18" name="system" size="18" underline="true"/>
	<Font id="system_underline_20" name="system" size="20" underline="true"/>
	<Font id="system_underline_22" name="system" size="22" underline="true"/>
	<!--一些常规固定颜色-->
	<TextColor name="white" value="#ffffffff"/>
	<TextColor name="black" value="#ff000000"/>
	<TextColor name="darkcolor" value="#ff333333"/>
	<TextColor name="lightcolor" value="#ff888888"/>
	<TextColor name="gray" value="#ff8e99a6"/>
	<TextColor name="light_gray" value="#ffa8a8a8"/>
	<TextColor name="dark_gray" value="#ff72797f"/>
	<TextColor name="green" value="#ff00bb96"/>
	<TextColor name="light_green" value="#ff21c7a6"/>
	<TextColor name="blue" value="#ff006DD9"/>
	<TextColor name="red" value="#ffC63535"/>
	<!--文字色值，不带透明层-->
	<TextColor name="textdefaultcolor" value="#ff333333"/>
	<TextColor name="textdefaultdisablecolor" value="#ffa1aebc"/>
	<!--窗口常用背景色-->
	<TextColor name="bk_main_wnd_title" value="#ff238efa"/>
	<TextColor name="bk_main_wnd_search" value="#ff1e7ad7"/>
	<TextColor name="bk_wnd_darkcolor" value="#fff0f2f5"/>
	<TextColor name="bk_wnd_lightcolor" value="#ffffffff"/>
	<TextColor name="bk_menuitem_hovered" value="#ffe1e6eb"/>
	<TextColor name="bk_menuitem_selected" value="#ffced4db"/>
	<TextColor name="bk_listitem_hovered" value="#fff0f2f5"/>
	<TextColor name="bk_listitem_selected" value="#ffe4e7eb"/>
	<!--置顶项的背景颜色-->
	<TextColor name="bk_topitem_normal" value="#ffffffe0"/>
	<TextColor name="bk_topitem_hovered" value="#ffffffeb"/>
	<TextColor name="bk_topitem_selected" value="#fffafacd"/>
	<!--进度条专用-->
	<TextColor name="bk_progress_bk" value="#ffe3ecf5"/>
	<TextColor name="bk_progress_progress" value="#ff2aceae"/>
	<!--背景色值，半透明-->
	<TextColor name="transbkblack" value="#80000000"/>
	<TextColor name="maskbkblack" value="#81000000"/>
	<!--第一级分割线，较深-->
	<TextColor name="splitline_level1" value="#ffd2d4d6"/>
	<!--第二级分割线，较浅-->
	<TextColor name="splitline_level2" value="#ffebedf0"/>
	<!--调色板色值-->
	<TextColor name="color_palette1" value="#ffff2600"/>
	<TextColor name="color_palette2" value="#ffffeb00"/>
	<TextColor name="color_palette3" value="#ff61ed00"/>
	<TextColor name="color_palette4" value="#ff00b4ff"/>
	<TextColor name="color_palette5" value="#ffa100ff"/>
	<TextColor name="color_palette6" value="#ff000000"/>
	<TextColor name="color_palette7" value="#ff545454"/>
	<TextColor name="color_palette8" value="#ffa8a8a8"/>
	<TextColor name="color_palette9" value="#ffffffff"/>
	<!--duilib控件相关颜色-->
	<TextColor name="grid_line" value="#ffcccccc"/>
	<TextColor name="grid_sel_fore" value="#ff20b0fb"/>
	<!--字体大小-->
	<Class name="font_title" font="system_14"/>
	<!--标题栏-->
	<Class name="caption" height="34" bkimage="file='../public/caption/caption_public.png' corner='0,0,0,1'" padding="10,0,5,0" />
	<!--滚动条-->
	<Class name="vscrollbar" width="14" fadealpha="true" thumbnormalimage="file='../public/vscrollbar/thumb_normal.png' corner='0,8,0,8'" thumbhotimage="file='../public/vscrollbar/thumb_hovered.png' corner='0,8,0,8'" bkhotimage="file='../public/vscrollbar/bk_hovered.png' corner='0,4,0,4'" showbutton1="false" showbutton2="false" />
	<Class name="hscrollbar" height="14" fadealpha="true" thumbnormalimage="file='../public/hscrollbar/thumb_normal.png' corner='8,0,8,0'" thumbhotimage="file='../public/hscrollbar/thumb_hovered.png' corner='8,0,8,0'" bkhotimage="file='../public/hscrollbar/bk_hovered.png' corner='4,0,4,0'" showbutton1="false" showbutton2="false"/>
	<!--单选框-->
	<Class name="option" selectednormalimage="../public/option/selected.png" selectedhotimage="../public/option/selectedhover.png" selectedpushedimage="../public/option/selectedhover.png"/>
	<Class name="circle_option" normalimage="../public/option/circle_unselected.png" disabledimage="../public/option/circle_unselected_disabled.png"/>
	<Class name="circle_option_2" height="18" textpadding="25,0,0,0" font="system_12" normaltextcolor="darkcolor" normalimage="file='../public/option/circle_unselected.png' dest='0,0,18,18'" selectednormalimage="file='../public/option/circle_selected.png' dest='0,0,18,18'"/>
	<!--复选框-->
	<Class name="checkbox_font12" height="16" textpadding="20,0,0,0" font="system_12" normaltextcolor="darkcolor" normalimage="file='../public/CheckBox/check_no.png' dest='0,0,16,16'" disabledimage="file='../public/CheckBox/check_no.png' dest='0,0,16,16' fade='80'" selectednormalimage="file='../public/CheckBox/check_yes.png' dest='0,0,16,16'" selecteddisabledimage="file='../public/CheckBox/check_yes.png' dest='0,0,16,16' fade='80'"/>
	<Class name="checkbox_font14" height="20" textpadding="20,0,0,0" font="system_14" normaltextcolor="darkcolor" normalimage="file='../public/CheckBox/check_no.png' dest='0,2,16,18'" disabledimage="file='../public/CheckBox/check_no.png' dest='0,2,16,18' fade='80'" selectednormalimage="file='../public/CheckBox/check_yes.png' dest='0,2,16,18'" selecteddisabledimage="file='../public/CheckBox/check_yes.png' dest='0,2,16,18' fade='80'"/>
	<Class name="checkbox_green" normalimage="file='../public/CheckBox/check_green_no.png'" disabledimage="file='../public/CheckBox/check_green_no.png' fade='80'" selectednormalimage="file='../public/CheckBox/check_green_yes.png'" selecteddisabledimage="file='../public/CheckBox/check_green_yes.png' fade='80'"/>
	<!--下拉框-->
	<Class name="combo" value="normalimage=&quot;file='../public/combo/combo24.png' corner='3,3,24,3' textpadding='3,3,24,3'&quot; hotimage=&quot;file='../public/combo/combo24_hover.png' corner='3,3,24,3' textpadding='3,3,24,3'&quot; "/>
	<Class name="combo2" value="normalimage=&quot;file='../public/combo/combo24_.png' corner='2,2,18,2' textpadding='2,2,18,2'&quot; hotimage=&quot;file='../public/combo/combo24_hover_.png' corner='2,2,18,2' textpadding='2,2,18,2'&quot; "/>
	<!--按钮-->
	<Class name="btn_global_blue_80x30" font="system_bold_14" normaltextcolor="white" normalimage="file='../public/button/btn_global_blue_80x30_normal.png'" hotimage="file='../public/button/btn_global_blue_80x30_hovered.png'" pushedimage="file='../public/button/btn_global_blue_80x30_pushed.png'" disabledimage="file='../public/button/btn_global_blue_80x30_normal.png' fade='80'"/>
	<Class name="btn_global_white_80x30" font="system_bold_14" normaltextcolor="dark_gray" normalimage="file='../public/button/btn_global_white_80x30_normal.png'" hotimage="file='../public/button/btn_global_white_80x30_hovered.png'" pushedimage="file='../public/button/btn_global_white_80x30_pushed.png'" disabledimage="file='../public/button/btn_global_white_80x30_normal.png' fade='128'"/>
	<Class name="btn_global_red_80x30" font="system_bold_14" normaltextcolor="white" normalimage="file='../public/button/btn_global_red_80x30_normal.png'" hotimage="file='../public/button/btn_global_red_80x30_hovered.png'" pushedimage="file='../public/button/btn_global_red_80x30_pushed.png'" disabledimage="file='../public/button/btn_global_red_80x30_normal.png' fade='80'"/>
	<!--窗口右上角按钮 灰色版 -->
	<Class name="btn_wnd_min" width="auto" height="auto" forenormalimage="file='../public/button/btn_wnd_gray_min.png' dest='4,4,16,16'" normalimage="" hotimage="../public/button/btn_wnd_gray_min_hovered.png" pushedimage="../public/button/btn_wnd_gray_min_pushed.png"/>
	<Class name="btn_wnd_close" width="20" height="20" normalimage="file='../public/button/btn_wnd_gray_close.png' dest='4,4,16,16'" hotimage="../public/button/btn_wnd_white_close_hovered.png" pushedimage="../public/button/btn_wnd_white_close_pushed.png" fadehot="false"/>
	<Class name="btn_wnd_max" width="auto" height="auto" forenormalimage="file='../public/button/btn_wnd_gray_max.png' dest='4,4,16,16'" normalimage="" hotimage="../public/button/btn_wnd_gray_max_hovered.png" pushedimage="../public/button/btn_wnd_gray_max_pushed.png"/>
	<Class name="btn_wnd_restore" width="auto" height="auto" forenormalimage="file='../public/button/btn_wnd_gray_restore.png' dest='4,4,16,16'" normalimage="" hotimage="../public/button/btn_wnd_gray_restore_hovered.png" pushedimage="../public/button/btn_wnd_gray_restore_pushed.png"/>
	<Class name="btn_wnd_settings" width="auto" height="auto" forenormalimage="file='../public/button/btn_wnd_settings.png' source='1,1,21,21'" hotimage="../public/button/btn_wnd_bk_hovered.png" pushedimage="../public/button/btn_wnd_bk_pushed.png"/>
	<!--窗口右上角按钮 白色版 -->
	<Class name="btn_wnd_white_min" width="auto" height="auto" forenormalimage="file='../public/button/btn_wnd_white_min.png'" normalimage="" hotimage="../public/button/btn_wnd_white_min_hovered.png" pushedimage="../public/button/btn_wnd_white_min_pushed.png"/>
	<Class name="btn_wnd_white_close" width="auto" height="auto" forenormalimage="file='../public/button/btn_wnd_white_close.png'" normalimage="" hotimage="../public/button/btn_wnd_white_close_hovered.png" pushedimage="../public/button/btn_wnd_white_close_pushed.png"/>
	<Class name="btn_wnd_white_max" width="auto" height="auto" forenormalimage="file='../public/button/btn_wnd_white_max.png' dest='4,4,16,16'" normalimage="" hotimage="../public/button/btn_wnd_white_max_hovered.png" pushedimage="../public/button/btn_wnd_white_max_pushed.png"/>
	<Class name="btn_wnd_white_menu" width="auto" height="auto" forenormalimage="file='../public/button/btn_wnd_white_menu.png' dest='4,5,16,15'" normalimage="" hotimage="../public/button/btn_wnd_white_menu_hovered.png" pushedimage="../public/button/btn_wnd_white_menu_pushed.png"/>
	<!--删除按钮通用样式-->
	<Class name="btn_delete" normalimage="file='../public/button/funcicon.png' source='0,0,26,26'" hotimage="file='../public/button/funcicon.png' source='31,0,57,26'" pushedimage="file='../public/button/funcicon.png' source='62,0,88,26'" disabledimage="file='../public/button/funcicon.png' source='93,0,119,26'"/>
	<Class name="btn_recycle" width="auto" height="auto" normalimage="file='../public/button/btn_recycle_normal.png'" hotimage="file='../public/button/btn_recycle_hovered.png'" pushedimage="file='../public/button/btn_recycle_pushed.png'" disabledimage="file='../public/button/btn_recycle_normal.png' fade='80'"/>
	<Class name="btn_refresh" width="auto" height="auto" normalimage="file='../public/button/btn_refresh_normal.png'" hotimage="file='../public/button/btn_refresh_hovered.png'" pushedimage="file='../public/button/btn_refresh_pushed.png'" disabledimage="file='../public/button/btn_refresh_normal.png' fade='80'"/>
	<Class name="btn_del_search" normalimage="../public/button/btn_del_search_normal_gray.png" hotimage="../public/button/btn_del_search_hover_gray.png" pushedimage="../public/button/btn_del_search_pushed_gray.png"/>
	<!--列表通用样式-->
	<Class name="list" bkcolor="bk_wnd_lightcolor" vscrollbar="true"/>
	<Class name="listitem" hotcolor="bk_listitem_hovered" pushedcolor="bk_listitem_selected" selectednormalcolor="bk_listitem_selected" fadehot="false"/>
	<Class name="list_topitem" normalcolor="bk_topitem_normal" hotcolor="bk_topitem_hovered" pushedcolor="bk_topitem_selected" selectednormalcolor="bk_topitem_selected" fadehot="false"/>
	<!--进度条通用样式, 注意进度条的值使用`_value`属性-->
	<Class name="progress_blue" valign="center" _value="0" bkimage="../public/progress/progress_blue_bg.png" height="3" width="stretch" hor="true" max="100" min="0" progressimage="../public/progress/progress_blue_fg.png"/>
	<Class name="slider_green" width="stretch" height="14" margin="4,0,0,0" valign="center" thumbsize="14,14" min="0" max="255" progressbarpadding="0,6,0,6" bkimage="file='../public/slider/slider_hor_bk.png' dest='0,6,1000,8'" progresscolor="bk_progress_progress" thumbnormalimage="../public/slider/slider_thumb.png"/>
	<!--菜单通用样式-->
	<Class name="menu" width="auto" height="auto" bkcolor="bk_wnd_lightcolor"/>
	<Class name="menu_element" padding="20,0,20,0" height="40" hotcolor="bk_menuitem_hovered" pushedcolor="bk_menuitem_selected" selectednormalcolor="bk_menuitem_selected"/>
	<Class name="menu_text" normaltextcolor="darkcolor" font="system_14" valign="center"/>
	<!--分割线通用样式-->
	<Class name="splitline_hor_level1" bkcolor="splitline_level1" height="1"/>
	<Class name="splitline_hor_level2" bkcolor="splitline_level2" height="1"/>
	<Class name="splitline_ver_level1" bkcolor="splitline_level1" width="1"/>
	<!--富文本控件通用样式-->
	<Class name="simple" multiline="false" autohscroll="true" wantreturnmsg="true" wanttab="false" rich="false" normaltextcolor="darkcolor" disabledtextcolor="textdefaultdisablecolor"/>
	<Class name="prompt" promptmode="true" promptcolor="light_gray"/>
	<Class name="edit" hotimage="file='../public/edit/edit1.png' corner='10,10,10,10'" focusedimage="file='../public/edit/edit2.png' corner='10,10,10,10'"/>
	<Class name="input" normalimage="file='../public/edit/edit0.png' corner='10,10,10,10'" hotimage="file='../public/edit/edit0.png' corner='10,10,10,10'" focusedimage="file='../public/edit/edit0.png' corner='10,10,10,10'" disabledimage="file='../public/edit/edit0.png' corner='10,10,10,10' fade='80'"/>
	<!--头像蒙版-->
	<Class name="icon_headimage_mask_40x40" width="40" height="40" bkimage="../public/headmask/icon_headimage_mask_40x40_normal.png"/>
	<!--气泡框通用样式-->
	<TextColor name="popover_color_0" value="#FFECF1F8"/>
	<TextColor name="popover_color_1" value="#FFF2F7FF"/>
	<TextColor name="popover_color_2" value="#FFD0DAE7"/>
	<TextColor name="popover_color_3" value="#FF0087FF"/>
	<TextColor name="popover_color_4" value="#FF2096FF"/>
	<TextColor name="popover_color_5" value="#FF0274D9"/>
	<TextColor name="popover_title_color" value="#D9000000"/>
	<TextColor name="popover_content_color" value="#FF878787"/>
	<TextColor name="popover_content_color1" value="#FF393430"/>
	<TextColor name="popover_tooltip_color" value="#FF040405"/>
	<Class name="popover_shadow" width="auto" height="auto" maxwidth="244" minwidth="100" bkimage="file='../public/bk/bk_shadow.png' corner='30,30,30,30'"/>
	<Class name="popover_root" width="auto" height="auto" bkcolor="white" margin="8,8,8,8" padding="16,12,16,12" childmargin="8" borderround="2,2"/>
	<Class name="popover_footer" padding="0,4,0,0" halign="right" childmargin="12"/>
	<Class name="popover_popover" maxwidth="228"/>
	<Class name="popover_notification" minwidth="268" maxwidth="268"/>
	<Class name="popover_alert" maxwidth="260"/>
	<Class name="popover_tooltip" maxwidth="300"/>
	<Class name="popover_icon" width="16" height="16" halign="center" valign="top" margin="0,4,0,0"/>
	<Class name="popover_icon_info" bkimage="file='../public/popover/info.svg'"/>
	<Class name="popover_icon_warning" bkimage="file='../public/popover/warning.svg'"/>
	<Class name="popover_icon_error" bkimage="file='../public/popover/error.svg'"/>
	<Class name="popover_label" multiline="true" autohscroll="false" wantreturnmsg="false" wanttab="false" rich="true" enabled="false" readonly="true"/>
	<Class name="popover_label_title" font="system_bold_14" disabledtextcolor="popover_title_color"/>
	<Class name="popover_btn_close" cursortype="hand" width="16" height="16" margin="0,2,0,0" normalimage="file='../public/button/btn_close.svg' dest='2,2,14,14'" hotimage="file='../public/button/btn_close.svg' dest='2,2,14,14'" pushedimage="file='../public/button/btn_close.svg' dest='2,2,14,14'" fadehot="false"/>
	<Class name="popover_label_content" width="auto" height="auto" font="system_12" disabledtextcolor="popover_content_color"/>
	<Class name="popover_btn_ok" cursortype="hand" borderround="3,3" font="system_12" normaltextcolor="white" width="52" height="24" normalcolor="popover_color_3" hotcolor="popover_color_4" pushedcolor="popover_color_5"/>
	<Class name="popover_btn_cancel" cursortype="hand" borderround="3,3" font="system_12" width="52" height="24" normalcolor="popover_color_0" hotcolor="popover_color_1" pushedcolor="popover_color_2"/>
	<Class name="notification_label_title" font="system_12"/>
	<Class name="alert_root" padding="16,16,16,16" childmargin="8"/>
	<Class name="alert_footer" padding="0,8,0,0" childmargin="24" halign="right"/>
	<Class name="alert_btn_ok" width="94" height="30"/>
	<Class name="alert_btn_cancel" width="94" height="30"/>
	<Class name="tooltip_root" padding="16,12,16,12"/>
	<Class name="tooltip_content" font="system_bold_12" disabledtextcolor="popover_tooltip_color"/>
	<TextColor name="bk_property_item_light" value="#ffFFFFBF"/>
	<TextColor name="bk_property_item_dark" value="#ffFFFFDE"/>
</Global>